politician_id,name,party,x,y
78869,Ursula Groden-Kranich,CDU/CSU,4.760011,-1.675268
175585,Johannes F. Kretschmann,BÜNDNIS 90/­DIE GRÜNEN,-0.2096118,-8.16832
175520,Lucia Schanbacher,SPD,-0.22252136,-8.468523
79255,Uwe Kekeritz,BÜNDNIS 90/­DIE GRÜNEN,-2.3387802,-3.623407
175752,Julian Simon Grünke,FDP,-0.40405476,0.066426545
175942,Manfred Schiller,AfD,1.1752658,2.527939
122121,Volker Münz,AfD,1.0468478,2.3843117
147459,Fabian Griewel,FDP,-0.2858379,-0.028407648
78922,Ingo Wellenreuther,CDU/CSU,6.0086594,-1.2761133
175432,Heike Heubach,SPD,-4.260854,-8.963156
146135,Jörg Cezanne,Die Linke.,-3.1094785,1.2472624
180762,Angela Hohmann,SPD,-4.332246,-9.167858
145961,Franziska Krumwiede-Steiner,BÜNDNIS 90/­DIE GRÜNEN,-4.197922,-8.849363
175589,Jürgen Kretz,BÜNDNIS 90/­DIE GRÜNEN,-3.7828257,-8.824041
175477,Nadine Ruf,SPD,-3.8544478,-9.118006
145886,Bettina Wiesmann,CDU/CSU,10.9569645,-2.6537242
145889,Astrid Mannes,CDU/CSU,11.611701,-2.8215463
79073,Martin Rabanus,SPD,-3.9720848,-9.5489435
136239,Ottmar von Holtz,BÜNDNIS 90/­DIE GRÜNEN,-4.1224484,-9.789294
79254,Stefan Kaufmann,CDU/CSU,11.662851,-2.5767372
79095,Ingrid Pahlmann,CDU/CSU,11.081625,-2.6852858
170200,Tim Wagner,FDP,0.11525332,-0.026764175
118231,Christian Bartelt,FDP,-0.5559006,-0.573294
146323,Katharina Willkomm,FDP,-0.55841595,-0.6615463
175827,Alexander Föhr,CDU/CSU,14.444106,-2.5693915
165158,Rainer Rothfuß,AfD,0.30388066,3.1453173
145860,Melanie Bernstein,CDU/CSU,6.0052586,-0.36589965
175420,Dirk-Ulrich Mende,SPD,0.8119446,-6.166712
179603,Emily Vontz,SPD,-1.4357479,-3.1048133
175390,Alexander Bartz,SPD,4.2011333,-27.297081
146806,Daniel Rinkert,SPD,-6.9805703,-21.130623
158872,Nils Gründer,FDP,-0.7285282,-0.81661224
147377,Michael Sacher,BÜNDNIS 90/­DIE GRÜNEN,3.4565847,-22.535725
79415,Daniela De Ridder,SPD,-6.439175,-18.35623
175334,Clara Bünger,Die Linke.,-3.5030503,1.7938666
175709,Claudia Raffelhüschen,FDP,-0.71925503,-0.79823154
78863,Jürgen Hardt,CDU/CSU,15.252358,-2.7069654
78936,Beate Walter-Rosenheimer,BÜNDNIS 90/­DIE GRÜNEN,-0.6179044,-2.0092535
138540,Markus Uhl,CDU/CSU,14.579584,-2.5997133
79011,Nadine Schön,CDU/CSU,15.058034,-2.5814183
146018,Sascha Müller,BÜNDNIS 90/­DIE GRÜNEN,-5.005138,-21.952549
79000,Andreas Schwarz,SPD,-1.0170989,-2.0242481
79097,Aydan Özoğuz,SPD,4.2859497,-26.431988
175594,Kassem Taher Saleh,BÜNDNIS 90/­DIE GRÜNEN,-5.284645,-22.461515
79090,Lisa Paus,BÜNDNIS 90/­DIE GRÜNEN,-5.113454,-23.340336
175877,Ottilie Klein,CDU/CSU,15.324209,-2.7088234
125186,Jonas Geissler,CDU/CSU,4.8262544,-0.9391437
79149,Carsten Linnemann,CDU/CSU,15.711116,-2.886242
79332,Christian Haase,CDU/CSU,10.759144,-1.8299799
79023,Nina Scheer,SPD,-5.5720177,-23.875416
79333,Bettina Hagedorn,SPD,-5.900706,-24.077253
175458,Kristian Klinck,SPD,2.211043,-25.484562
79065,Sönke Rix,SPD,-5.6878405,-24.045
139064,Robert Habeck,BÜNDNIS 90/­DIE GRÜNEN,-5.213864,-22.528847
108761,Markus Frohnmaier,AfD,0.3714824,3.047167
175774,Martin Gassner-Herz,FDP,-0.45665067,-0.6831993
175696,Ann-Veruschka Jurisch,FDP,-0.28316212,-0.81101274
146028,Tobias B. Bacherle,BÜNDNIS 90/­DIE GRÜNEN,-5.3546863,-22.485603
150296,Christian Wirth,AfD,0.1541329,3.0658066
79275,Dieter Janecek,BÜNDNIS 90/­DIE GRÜNEN,-4.978081,-21.76861
122063,Tobias Matthias Peterka,AfD,0.3031949,2.8248787
78886,Katrin Göring-Eckardt,BÜNDNIS 90/­DIE GRÜNEN,3.9198477,-23.444569
145783,Jürgen Pohl,AfD,-1.1800126,2.9727173
120819,Ali Al-Dailami,BSW,-2.9592664,2.2602024
135302,Janine Wissler,Die Linke.,-3.2272875,1.7681987
145984,Boris Mijatović,BÜNDNIS 90/­DIE GRÜNEN,3.5133758,-23.691195
175428,Franziska Mascheck,SPD,-5.586125,-24.263956
122880,Daniela Kluckert,FDP,-0.54601055,-0.35174993
134400,Christoph Meyer,FDP,-0.27421513,-0.8103344
79217,Renate Künast,BÜNDNIS 90/­DIE GRÜNEN,-5.25193,-22.985104
175488,Ruppert Stüwe,SPD,-3.831521,-3.702114
175401,Annika Klose,SPD,-2.080704,-6.9034796
79091,Petra Pau,Die Linke.,-2.9913852,1.5313855
29199,Anke Domscheit-Berg,Die Linke.,-3.5711725,1.8720281
175923,Hannes Gnauck,AfD,0.12132291,2.8744779
78882,Matthias W. Birkwald,Die Linke.,-3.4009688,1.6541581
173148,Emilia Fester,BÜNDNIS 90/­DIE GRÜNEN,-1.5019722,-3.9000316
175596,Katharina Beck,BÜNDNIS 90/­DIE GRÜNEN,3.411966,-23.265917
175851,Franziska Hoppermann,CDU/CSU,14.781033,-2.3937705
176316,Stefan Seidler,fraktionslos,-0.8965727,0.044771962
79125,Cornelia Möhring,Die Linke.,-3.432367,1.7109675
147321,Gereon Bollmann,AfD,0.49174303,3.7841296
150295,Uwe Witt,fraktionslos,0.37334788,3.5950305
175542,Bruno Hönel,BÜNDNIS 90/­DIE GRÜNEN,-6.2200823,-20.063286
175557,Denise Loop,BÜNDNIS 90/­DIE GRÜNEN,-5.355091,-22.28533
78819,Konstantin von Notz,BÜNDNIS 90/­DIE GRÜNEN,3.793026,-23.281063
120104,Ingrid Nestle,BÜNDNIS 90/­DIE GRÜNEN,-5.1923037,-21.749239
139271,Luise Amtsberg,BÜNDNIS 90/­DIE GRÜNEN,-4.817282,-21.63543
175778,Max Mordhorst,FDP,-0.08918396,-0.74273205
118250,Christine Aschenberg-Dugnus,FDP,-0.42966518,-0.6905108
151468,Gyde Jensen-Bornhöft,FDP,-0.5049288,-0.984203
122157,Wolfgang Kubicki,FDP,0.3282556,-0.49843225
130900,Petra Nicolaisen,CDU/CSU,15.650775,-2.8715017
79362,Ingo Gädechens,CDU/CSU,14.921375,-2.6579938
78818,Johann Wadephul,CDU/CSU,14.647709,-2.68413
108605,Alexander Throm,CDU/CSU,14.653553,-2.7365582
108738,Fabian Gramling,CDU/CSU,15.147156,-2.6099815
79444,Steffen Bilger,CDU/CSU,20.559237,-3.4815295
177578,Christina Stumpp,CDU/CSU,15.046297,-2.7184222
145893,Marc Biadacz,CDU/CSU,15.2755165,-2.7360244
175873,Maximilian Mörseburg,CDU/CSU,15.1999445,-2.5528488
78953,Volker Ullrich,CDU/CSU,14.625362,-2.6224597
79203,Paul Lehrieder,CDU/CSU,15.161278,-2.8314195
78919,Anja Weisgerber,CDU/CSU,19.621273,-3.331438
79468,Dorothee Bär,CDU/CSU,8.341115,-1.1625082
79047,Albert Rupprecht,CDU/CSU,4.711984,0.36356008
79067,Alois Rainer,CDU/CSU,14.468876,-2.653836
145903,Thomas Erndl,CDU/CSU,14.743442,-2.4593663
79069,Alexander Radwan,CDU/CSU,14.501249,-2.4803462
79329,Florian Hahn,CDU/CSU,15.157607,-2.5519876
145901,Stephan Pilsinger,CDU/CSU,15.259619,-2.6799052
175580,Jamila Anna Schäfer,BÜNDNIS 90/­DIE GRÜNEN,2.3900714,-17.838034
78988,Wolfgang Stefinger,CDU/CSU,14.434349,-2.5024955
145899,Bernhard Loos,CDU/CSU,14.9686,-2.8381224
32337,Stephan Brandner,AfD,-0.19953482,2.983595
79103,Omid Nouripour,BÜNDNIS 90/­DIE GRÜNEN,3.6649272,-23.28633
79327,Metin Hakverdi,SPD,-2.1514003,-12.777537
67018,Dorothee Martin,SPD,-5.5418334,-23.499596
66475,Till Steffen,BÜNDNIS 90/­DIE GRÜNEN,-5.1902237,-22.132143
175423,Erik von Malottki,SPD,-2.4116433,-3.8133197
175398,Anna Kassautzki,SPD,-1.5611993,-3.8511124
79268,Frank Junge,SPD,-5.69451,-24.081911
175503,Tim Klüssendorf,SPD,-5.542178,-24.02676
175405,Bengt Bergt,SPD,-5.6236815,-24.316744
139062,Ralf Stegner,SPD,3.02274,-20.826735
146775,Mathias Stein,SPD,-5.5223536,-23.86977
79299,Mark Helfrich,CDU/CSU,3.0344248,-0.035436142
139019,Astrid Damerow,CDU/CSU,14.354054,-2.5511098
147569,Michael Espendiller,AfD,0.26214778,2.7667627
145747,Jörg Schneider,AfD,0.5351815,2.7083533
121673,Martin Erwin Renner,AfD,0.43801463,2.7598615
147218,Fabian Jacobi,AfD,0.084682755,2.9862688
66285,Kay Gottschalk,AfD,-0.39129922,3.019667
145742,Rüdiger Lucassen,AfD,0.37696677,2.4560637
30002,Manfred Todtenhausen,FDP,-0.58944964,-0.7128291
175745,Jens Teutrine,FDP,-0.6374866,-0.75862014
146348,Olaf in der Beek,FDP,-0.4908195,-0.70164686
130489,Christian Sauter,FDP,0.3365815,-0.47159737
121536,Katrin Helling-Plahr,FDP,-0.6210922,-2.0964394
146352,Carl-Julius Cronenberg,FDP,-0.07604118,-0.80406034
137432,Bernd Reuther,FDP,-0.53205335,-0.6116984
146325,Markus Herbrand,FDP,-0.4708687,-0.6042557
137163,Karlheinz Busen,FDP,-0.49139285,-0.62574077
146329,Nicole Westig,FDP,-0.52650285,-0.8039181
118538,Frank Schäffler,FDP,-0.2725121,-0.48730683
146326,Reinhard Houben,FDP,-0.54839987,-0.77467245
119145,Otto Fricke,FDP,-0.36364418,-0.6414753
118195,Bijan Djir-Sarai,FDP,-0.4386581,-0.85088146
120155,Johannes Vogel,FDP,-0.55322325,-0.81533414
118987,Marco Buschmann,FDP,-0.31687766,-0.41907465
119742,Christian Lindner,FDP,-0.33471173,-0.6082791
175461,Luiza Licina-Bode,SPD,4.204102,-28.270464
175515,Ye-One Rhie,SPD,-2.175031,-6.4300556
121492,Jürgen Coße,SPD,4.2808456,-27.72156
175516,Zanda Martens,SPD,-5.1954417,-24.081118
146817,Nezahat Baradari,SPD,4.4328,-27.24759
175490,Sarah Lahrkamp,SPD,4.2148623,-27.303812
78910,Gülistan Yüksel,SPD,4.1639485,-24.386305
79301,Wolfgang Hellmich,SPD,-5.526701,-24.15162
175445,Jessica Rosenthal,SPD,-2.0518281,-6.1145473
130158,Dagmar Andres,SPD,4.2397823,-26.596739
79111,Dietmar Nietan,SPD,4.1502194,-27.005573
175406,Bettina Lugk,SPD,4.3052692,-28.659527
175476,Nadine Heselhaus,SPD,-5.235658,-23.25314
79421,Bernhard Daldrup,SPD,-5.8264823,-24.678572
79027,Udo Schiefner,SPD,3.79218,-25.86178
78913,Dirk Wiese,SPD,-5.367483,-24.005516
79349,Kerstin Griese,SPD,4.4797177,-28.298496
79326,Sebastian Hartmann,SPD,0.16064426,-4.5317483
131019,Svenja Schulze,SPD,-5.922415,-24.409771
79272,Hubert Hüppe,CDU/CSU,10.812676,-1.6993089
79070,Kerstin Radomski,CDU/CSU,6.100573,-0.47319472
145876,Oliver Vogt,CDU/CSU,14.820171,-2.5377061
130574,Stefan Nacke,CDU/CSU,15.179776,-2.579896
145877,Kerstin Vieregge,CDU/CSU,4.1314588,-0.91697276
145873,Michael Breilmann,CDU/CSU,14.818639,-2.4393075
175836,Catarina dos Santos-Wintz,CDU/CSU,14.555842,-2.6976945
78958,Astrid Timmermann-Fechter,CDU/CSU,6.350428,-0.6582811
130691,Serap Güler,CDU/CSU,15.212724,-2.7643042
66273,Bernd Baumann,AfD,0.43636838,2.7193406
66565,Zaklin Nastić,BSW,-2.7779188,2.1857603
79471,Niels Annen,SPD,4.2726045,-28.784676
66002,Christoph de Vries,CDU/CSU,10.482213,-1.6653721
66005,Christoph Ploß,CDU/CSU,14.365341,-2.5595748
121017,Claudia Müller,BÜNDNIS 90/­DIE GRÜNEN,-5.1164646,-22.197765
122336,Ina Latendorf,Die Linke.,-3.3915632,1.6336459
79454,Dietmar Bartsch,Die Linke.,-3.3620188,1.6013227
123546,Ulrike Schielke-Ziesing,AfD,-0.32440624,3.0131223
123532,Enrico Komning,AfD,0.30859557,3.1877315
123559,Leif-Erik Holm,AfD,0.3651977,2.334093
165049,Simone Borchardt,CDU/CSU,8.949305,-0.678412
79123,Dietrich Monstadt,CDU/CSU,11.303685,-0.49472052
145862,Philipp Amthor,CDU/CSU,6.5748653,-0.5278723
138463,Esra Limbacher,SPD,-6.729259,-12.206138
79477,Christian Petry,SPD,-5.1575375,-23.240086
146867,Josephine Ortleb,SPD,-5.497277,-24.55707
79465,Thomas Bareiß,CDU/CSU,7.2173533,-1.0728083
145896,Axel Müller,CDU/CSU,14.615054,-2.6902149
175888,Volker Mayer-Lay,CDU/CSU,14.828204,-2.8229036
79062,Josef Rief,CDU/CSU,14.556386,-2.714461
79480,Ronja Kemmer,CDU/CSU,15.14988,-2.4808247
118138,Annette Widmann-Mauz,CDU/CSU,14.991182,-2.527235
79397,Michael Donth,CDU/CSU,15.320721,-2.6284566
108783,Felix Schreiner,CDU/CSU,15.081826,-2.6157658
78867,Andreas Jung,CDU/CSU,20.104952,-3.4193852
79378,Thorsten Frei,CDU/CSU,19.967619,-3.2597203
175867,Maria-Lena Weiss,CDU/CSU,14.562613,-2.5591373
175892,Yannick Bury,CDU/CSU,11.459743,-1.8016211
175543,Chantal Kopf,BÜNDNIS 90/­DIE GRÜNEN,-2.5133414,-19.674658
175863,Klaus Mack,CDU/CSU,15.741083,-2.7488217
79226,Gunther Krichbaum,CDU/CSU,14.870243,-2.7116957
79336,Olav Gutting,CDU/CSU,4.819025,-0.39470905
165004,Moritz Oppelt,CDU/CSU,20.380844,-3.396429
78805,Nina Warken,CDU/CSU,10.799871,-1.7244806
175436,Isabel Cademartori,SPD,-4.5879593,-21.911625
79429,Franziska Brantner,BÜNDNIS 90/­DIE GRÜNEN,-5.3882585,-22.276125
78817,Kai Whittaker,CDU/CSU,3.5701122,-0.10007887
175876,Nicolas Zippelius,CDU/CSU,15.392969,-2.7727323
175679,Zoe Mayer,BÜNDNIS 90/­DIE GRÜNEN,-5.527556,-20.389654
79246,Roderich Kiesewetter,CDU/CSU,3.3086183,-0.013833601
28896,Inge Gräßle,CDU/CSU,9.992141,-1.7799535
78939,Christian von Stetten,CDU/CSU,14.493047,-2.5588856
79389,Hermann Färber,CDU/CSU,14.83902,-2.6759489
79343,Markus Grübel,CDU/CSU,14.956715,-2.8667521
79102,Cem Özdemir,BÜNDNIS 90/­DIE GRÜNEN,-2.6397355,-20.60392
78976,Stephan Stracke,CDU/CSU,19.852947,-3.3198562
133683,Mechthilde Wittmann,CDU/CSU,14.881956,-2.57483
175826,Alexander Engelhard,CDU/CSU,15.552511,-2.6416285
79214,Ulrich Lange,CDU/CSU,15.08436,-2.6894515
79404,Hansjörg Durz,CDU/CSU,15.353906,-2.5092492
79295,Alexander Hoffmann,CDU/CSU,15.006539,-2.7080452
79192,Andrea Lindholz,CDU/CSU,15.434738,-2.7399628
175880,Ralph Edelhäußer,CDU/CSU,15.425879,-2.7565823
79370,Michael Frieser,CDU/CSU,15.74442,-2.9007058
145904,Sebastian Brehm,CDU/CSU,6.6278343,-0.49778202
142259,Tobias Winkler,CDU/CSU,7.186614,0.25938147
78810,Artur Auernhammer,CDU/CSU,16.091564,-2.6816068
78904,Emmi Zeulner,CDU/CSU,3.188161,-0.03473241
79369,Hans-Peter Friedrich,CDU/CSU,2.9578025,0.14340991
78812,Silke Launert,CDU/CSU,14.819625,-2.6315389
78831,Thomas Silberhorn,CDU/CSU,14.585395,-2.5357873
175872,Martina Englhardt-Kopf,CDU/CSU,11.494336,-1.6723843
120442,Peter Aumer,CDU/CSU,15.45206,-2.715984
142212,Susanne Hierl,CDU/CSU,15.307238,-2.8329346
78974,Max Straubinger,CDU/CSU,3.7617235,0.16342911
79108,Florian Oßner,CDU/CSU,14.983398,-2.6779
79412,Alexander Dobrindt,CDU/CSU,15.09582,-2.69804
79068,Peter Ramsauer,CDU/CSU,3.5333245,0.18918063
145902,Michael Kießling,CDU/CSU,15.00555,-2.7885733
79146,Daniela Ludwig,CDU/CSU,6.621647,-0.56821734
79427,Reinhard Brandl,CDU/CSU,6.399851,-0.45564628
145898,Katrin Staffler,CDU/CSU,6.6867237,-0.86289793
79274,Erich Irlstorfer,CDU/CSU,3.6188939,-0.48760918
79194,Andreas Lenz,CDU/CSU,14.933462,-2.6472285
79134,Stephan Mayer,CDU/CSU,14.95147,-2.4611185
78864,Thomas Hitschler,SPD,-5.446917,-23.875866
79481,Angelika Glöckner,SPD,-0.59953654,-1.4261225
175471,Matthias Mieves,SPD,-5.310859,-23.788633
78797,Johannes Steiniger,CDU/CSU,14.613727,-2.7187734
175412,Christian Schreider,SPD,4.0010233,-26.958252
78847,Jan Metzler,CDU/CSU,15.029703,-2.6827803
175416,Daniel Baldy,SPD,4.24622,-29.667236
110102,Tanja Machalet,SPD,4.0974636,-27.872944
175512,Verena Hubertz,SPD,-6.26931,-22.356739
78836,Patrick Schnieder,CDU/CSU,15.017652,-2.7328243
146835,Joe Weingarten,SPD,0.39751992,-4.010109
175870,Marlon Bröhr,CDU/CSU,14.850096,-2.6515896
145890,Josef Oster,CDU/CSU,6.5054183,-0.6374394
79317,Mechthild Heil,CDU/CSU,15.200652,-2.7369282
170287,Frank Ullrich,SPD,-5.006176,-22.74705
121837,Michael Kaufmann,AfD,-0.2520787,3.693789
79014,Carsten Schneider,SPD,-5.6859674,-24.00347
150299,Marcus Bühl,AfD,0.36619404,4.566765
175435,Holger Becker,SPD,-5.510657,-23.921478
145784,Klaus Stöber,AfD,0.34933603,4.0683293
79344,Manfred Grund,CDU/CSU,5.21883,0.60484326
79135,Michael Meister,CDU/CSU,4.3444033,0.35823557
78792,Jens Zimmermann,SPD,-0.10784656,-22.740776
175393,Andreas Larem,SPD,-4.8263636,-21.44689
145888,Björn Simon,CDU/CSU,14.72219,-2.5471096
175472,Melanie Wegling,SPD,-5.1942563,-21.424973
175403,Armand Zorn,SPD,-5.4555783,-24.073675
145885,Norbert Maria Altenkamp,CDU/CSU,6.6759095,-0.53810364
175441,Lennard Oehl,SPD,-0.26431632,-23.86268
78914,Klaus-Peter Willsch,CDU/CSU,7.618714,-1.1150507
146824,Natalie Pawlik,SPD,-5.9790688,-24.289858
79237,Markus Koob,CDU/CSU,14.928005,-2.6165056
78840,Bettina Müller,SPD,-0.46917439,-3.8349416
78881,Michael Brand,CDU/CSU,7.097848,-1.1059812
175425,Felix Döring,SPD,3.4141812,-23.257534
79036,Dagmar Schmidt,SPD,4.0951166,-26.623325
78884,Sören Bartol,SPD,0.090317905,-23.828384
79376,Edgar Franke,SPD,-5.327341,-24.139727
79042,Michael Roth,SPD,-6.0502768,-21.278244
146823,Esther Dilcher,SPD,-1.0644302,-2.7522793
78793,Yvonne Magwas,CDU/CSU,6.4770656,-0.4570497
176762,Matthias Moosdorf,AfD,0.8862738,2.6744134
31274,Thomas Dietz,AfD,-0.09994685,3.7868161
165157,Mike Moncsek,AfD,-0.047156356,3.4928803
79483,Detlef Müller,SPD,-5.766274,-24.71854
175907,Carolin Bachmann,AfD,-0.22092178,4.1947436
30936,Lars Rohwer,CDU/CSU,4.1693215,-0.018083185
175869,Markus Reichel,CDU/CSU,15.047921,-2.4937758
175967,Steffen Janich,AfD,-0.4224293,3.5278041
145755,Tino Chrupalla,AfD,0.033843588,2.9267824
145754,Karsten Hilse,AfD,-0.8325631,3.1724317
175902,Barbara Benkstein,AfD,0.28686172,2.8859339
175916,Edgar Naujok,AfD,-1.1305023,2.71961
146117,Sören Pellmann,Die Linke.,-3.402328,1.5536909
118790,Jens Lehmann,CDU/CSU,3.1070094,-0.39379078
168306,René Bochmann,AfD,0.04625704,3.1746187
145878,Paul Ziemiak,CDU/CSU,14.876283,-2.7044246
175894,Florian Müller,CDU/CSU,11.271956,-1.7337558
78855,Volkmar Klein,CDU/CSU,15.194817,-2.8618817
118559,Friedrich Merz,CDU/CSU,20.63266,-3.5122564
145879,Hans-Jürgen Thies,CDU/CSU,14.977752,-2.5149846
78960,Michael Thews,SPD,-5.740835,-24.095812
78859,Oliver Kaczmarek,SPD,4.2073455,-28.054056
79077,Sabine Poschmann,SPD,-5.391213,-23.570276
175443,Jens Peick,SPD,-5.6835923,-23.958632
79118,Michelle Müntefering,SPD,4.3253675,-27.91967
79018,Axel Schäfer,SPD,-5.445836,-23.852638
175404,Axel Echeverria,SPD,-3.4534476,-8.437251
175505,Timo Schisanowski,SPD,-5.058503,-23.988237
130418,Jürgen Berghahn,SPD,2.8205507,-9.355957
79080,Achim Post,SPD,4.5020165,-27.353882
78999,Stefan Schwartze,SPD,-3.4618046,-22.4157
146813,Wiebke Esdar,SPD,-5.621923,-24.912695
79434,Ralph Brinkhaus,CDU/CSU,15.328126,-2.6465316
130301,Henning Rehbaum,CDU/CSU,14.499198,-2.4798694
79240,Maria Klein-Schmeink,BÜNDNIS 90/­DIE GRÜNEN,3.4854033,-23.183903
79249,Anja Karliczek,CDU/CSU,14.954453,-2.5988603
145874,Marc Henrichmann,CDU/CSU,14.846376,-2.580679
175831,Anne König,CDU/CSU,15.112211,-2.5916324
79359,Michael Gerdes,SPD,-0.13853957,-18.98285
78993,Jens Spahn,CDU/CSU,13.735216,-1.968219
136824,Markus Töns,SPD,-5.4385047,-23.75532
175407,Brian Nickholz,SPD,-5.5428543,-24.659813
78998,Frank Schwabe,SPD,-0.4485417,-12.098716
79322,Matthias Hauer,CDU/CSU,15.170683,-2.633385
79313,Dirk Heidenblut,SPD,-6.033995,-18.408974
175491,Sebastian Fiedler,SPD,2.8564837,-10.021153
78938,Dirk Vöpel,SPD,-1.1536608,-2.7842607
78834,Mahmut Özdemir,SPD,-2.31671,-34.51437
79455,Bärbel Bas,SPD,-5.4127927,-23.36273
175438,Jan Dieren,SPD,-3.311032,-2.1374397
145872,Stefan Rouenhoff,CDU/CSU,19.472178,-3.204277
175871,Martin Plum,CDU/CSU,14.788439,-2.5981565
79307,Ansgar Heveling,CDU/CSU,15.555008,-2.6525638
79227,Günter Krings,CDU/CSU,15.254632,-2.8577456
78870,Hermann Gröhe,CDU/CSU,15.0688715,-2.7210617
79064,Andreas Rimkus,SPD,3.9945447,-25.645973
79277,Thomas Jarzombek,CDU/CSU,14.796703,-2.5623214
79446,Peter Beyer,CDU/CSU,15.017868,-2.7882898
175862,Klaus Wiener,CDU/CSU,19.685781,-3.330672
147327,Ingo Schäfer,SPD,4.22888,-25.117281
146804,Helge Lindh,SPD,-5.572214,-24.169956
79215,Karl Lauterbach,SPD,-3.5100725,-23.993393
145871,Hermann-Josef Tebroke,CDU/CSU,14.304538,-2.3566043
145870,Carsten Brodesser,CDU/CSU,14.832375,-2.770575
79043,Norbert Röttgen,CDU/CSU,10.723251,-1.5691589
78916,Elisabeth Winkelmeier-Becker,CDU/CSU,14.7029505,-2.371965
175599,Katrin Uhlig,BÜNDNIS 90/­DIE GRÜNEN,2.2422085,-18.117416
78838,Rolf Mützenich,SPD,-5.05847,-24.163208
145948,Sven Lehmann,BÜNDNIS 90/­DIE GRÜNEN,-5.150598,-20.494274
175489,Sanae Abdi,SPD,-5.352061,-17.799227
78825,Detlef Seif,CDU/CSU,14.471163,-2.3496895
79242,Georg Kippels,CDU/CSU,14.647696,-2.669842
79071,Thomas Rachel,CDU/CSU,14.89793,-2.4330297
79106,Wilfried Oellers,CDU/CSU,15.421556,-2.6793265
146801,Claudia Moll,SPD,1.598834,-18.748314
78850,Gesine Lötzsch,Die Linke.,-3.424135,1.6841577
117510,Mario Czaja,CDU/CSU,2.4854987,0.19710065
79334,Gregor Gysi,Die Linke.,-3.328012,1.734399
117431,Canan Bayram,BÜNDNIS 90/­DIE GRÜNEN,-3.4736972,-1.1656669
175431,Hakan Demir,SPD,-2.2119093,-6.529947
175456,Kevin Kühnert,SPD,-5.195563,-23.299623
117519,Michael Müller,SPD,-4.470562,-21.829231
123288,Thomas Heilmann,CDU/CSU,15.873663,-2.529309
175433,Helmut Kleebank,SPD,-0.41627824,-18.59593
79346,Monika Grütters,CDU/CSU,15.344706,-2.8894174
117547,Stefan Gelbhaar,BÜNDNIS 90/­DIE GRÜNEN,-5.4245296,-22.050678
164996,Hanna Steinmüller,BÜNDNIS 90/­DIE GRÜNEN,-5.4851923,-23.124693
152771,Robert Farle,fraktionslos,-0.800087,3.4729056
78979,Dieter Stier,CDU/CSU,3.8721685,0.13467683
79409,Karamba Diaby,SPD,-5.563342,-24.550755
145732,Kay-Uwe Ziegler,AfD,0.35968673,2.8122704
145867,Sepp Müller,CDU/CSU,6.504564,-0.6052095
175467,Martin Kröber,SPD,-4.0569086,-10.250078
79433,Heike Brehmer,CDU/CSU,3.0661206,-0.26897115
146793,Franziska Kersten,SPD,4.304763,-28.133259
175434,Herbert Wollmann,SPD,0.14619768,-5.057337
146792,Hannes Walter,SPD,-1.005873,-2.6520395
175464,Maja Wallstein,SPD,-1.324514,-2.6140883
175469,Mathias Papendieck,SPD,3.3709455,-23.446749
133049,Sylvia Lehmann,SPD,-3.4894845,-24.071712
66924,Olaf Scholz,SPD,-3.251617,-23.306927
175496,Sonja Eichwede,SPD,-6.075136,-23.695398
31119,Simona Koß,SPD,-4.3837123,-22.136093
176737,Ariane Fäscher,SPD,-1.0050379,-2.6854234
78902,Stefan Zierke,SPD,-5.2448087,-23.703064
175514,Wiebke Papenbrock,SPD,-6.1963854,-22.129398
140944,Uwe Schmidt,SPD,-5.003865,-22.41824
29176,Sarah Ryglewski,SPD,0.3333825,-23.241642
136025,Frauke Heiligenstadt,SPD,4.1863713,-27.47367
136381,Christos Pantazis,SPD,-6.2368164,-22.55577
149682,Dunja Kreiser,SPD,-5.5329137,-23.743315
78926,Bernd Westphal,SPD,-5.0818152,-22.1645
79133,Matthias Miersch,SPD,-5.4767184,-24.434132
29441,Johannes Schraps,SPD,-5.8751416,-22.863214
79316,Hubertus Heil,SPD,4.359773,-28.611774
79100,Henning Otte,CDU/CSU,14.888162,-2.7303333
175485,Rebecca Schamber,SPD,-5.457105,-23.510153
175389,Adis Ahmetović,SPD,-5.0130243,-22.489344
146784,Marja-Liisa Völlers,SPD,-5.576236,-24.180653
175465,Manuel Gava,SPD,-5.0697885,-22.499926
175437,Jakob Blankenburg,SPD,-5.528081,-24.569527
78996,Svenja Stadler,SPD,-1.0254188,-1.9746263
79241,Lars Klingbeil,SPD,4.333531,-28.758183
79141,Andreas Mattfeldt,CDU/CSU,4.2806964,0.48851326
79239,Axel Knoerig,CDU/CSU,15.201803,-2.7388084
145863,Silvia Breher,CDU/CSU,14.598667,-2.5733244
78981,Albert Stegemann,CDU/CSU,14.096894,-2.381919
79345,Oliver Grundmann,CDU/CSU,15.0433035,-2.8601828
175415,Daniel Schneider,SPD,-0.38313255,-16.70764
79127,Susanne Mittag,SPD,-5.7363973,-24.195963
79066,Dennis Rohde,SPD,-0.55436397,-16.966093
146780,Siemtje Möller,SPD,-6.0127497,-24.08008
79418,Gitta Connemann,CDU/CSU,15.55729,-2.7721543
79032,Johann Saathoff,SPD,-5.4452944,-23.430347
66491,Linda Heitmann,BÜNDNIS 90/­DIE GRÜNEN,-5.5088725,-22.794312
175424,Falko Droßmann,SPD,-5.717003,-23.51743
175447,Johannes Arlt,SPD,-0.4459498,-3.2874153
175453,Katrin Zschau,SPD,-5.694644,-22.693943
175486,Reem Alabali Radovan,SPD,3.118714,-23.536575
108661,Jessica Tatti,BSW,-2.538386,1.9757061
108563,Gökay Akbulut,Die Linke.,-3.396001,1.621306
108427,Bernd Riexinger,Die Linke.,-3.684246,1.5417403
145839,Jürgen Braun,AfD,0.58653045,3.1730013
108924,Thomas Seitz,fraktionslos,-0.8377807,3.4152105
29476,Christina Baum,AfD,-0.976732,2.9721851
145844,Malte Kaufmann,AfD,-0.050506752,3.1382992
108754,Marc Bernhard,AfD,-0.9458747,3.1355429
145835,Dirk Spaniel,fraktionslos,0.49809745,3.3244402
145840,Martin Hess,AfD,0.22066265,3.1930432
108379,Alice Weidel,AfD,0.43391636,3.6346738
175793,Rainer Semet,FDP,-0.28135717,-0.717165
175759,Konrad Stockmeier,FDP,-0.07639288,-0.78499246
146416,Valentin Abel,FDP,-0.50408024,-0.8371158
165654,Stephan Seiter,FDP,-0.2732774,-0.9712575
146425,Christoph Hoffmann,FDP,-0.4874476,-0.54161257
108620,Jens Brandenburg,FDP,-0.54245424,-0.70505685
121876,Renata Alt,FDP,-0.17484966,-0.74624467
108832,Benjamin Strasser,FDP,-0.26048115,-0.7117256
118359,Florian Toncar,FDP,-0.15352696,-0.91997766
119147,Pascal Kober,FDP,-0.46713737,-0.63923216
119079,Michael Link,FDP,-0.13286732,-0.71770126
120169,Judith Skudelny,FDP,-0.3319201,-0.75457144
146043,Anja Reinalter,BÜNDNIS 90/­DIE GRÜNEN,2.6813807,-18.518042
175649,Sebastian Schäfer,BÜNDNIS 90/­DIE GRÜNEN,2.3557756,-19.096004
175626,Melis Sekmen,CDU/CSU,1.6184855,-3.228865
146042,Marcel Emmerich,BÜNDNIS 90/­DIE GRÜNEN,-5.2798705,-22.984457
164990,Ricarda Lang,BÜNDNIS 90/­DIE GRÜNEN,-5.266327,-21.86746
79364,Matthias Gastel,BÜNDNIS 90/­DIE GRÜNEN,-4.866649,-22.317163
146027,Anna Christmann,BÜNDNIS 90/­DIE GRÜNEN,2.7300336,-19.347183
79405,Harald Ebner,BÜNDNIS 90/­DIE GRÜNEN,-4.9693785,-22.029564
79117,Beate Müller-Gemmeke,BÜNDNIS 90/­DIE GRÜNEN,-1.630805,-3.5970972
29534,Sandra Detzer,BÜNDNIS 90/­DIE GRÜNEN,-5.041488,-21.60744
78878,Agnieszka Brugger,BÜNDNIS 90/­DIE GRÜNEN,3.7300138,-24.18749
108581,Heike Engelhardt,SPD,-5.6271152,-23.962536
175457,Kevin Leiser,SPD,2.1942441,-25.434055
175419,Derya Türk-Nachbaur,SPD,-4.8283,-22.306417
79266,Josip Juratovic,SPD,4.2938185,-28.075405
175521,Robin Mesarosch,SPD,-4.9008007,-23.95718
175519,Lina Seitzl,SPD,4.1447554,-24.680653
121602,Macit Karaahmetoğlu,SPD,2.2961357,-25.150341
79474,Heike Baehrens,SPD,4.285115,-28.681326
121799,Parsa Marvi,SPD,4.2006774,-28.717604
79252,Gabriele Katzmarek,SPD,-5.2342052,-22.931444
79416,Lars Castellucci,SPD,4.2193427,-27.354748
146856,Jasmina Hostert,SPD,-5.3521304,-24.08524
79356,Martin Gerster,SPD,4.300347,-28.132309
146860,Leni Breymaier,SPD,-5.6022143,-24.488285
79390,Johannes Fechner,SPD,-0.1465992,-24.122242
79140,Katja Mast,SPD,4.5022597,-26.404882
79053,Martin Rosemann,SPD,4.2847056,-26.864788
79001,Rita Schwarzelühr-Sutter,SPD,2.803392,-20.672264
108960,Nils Schmid,SPD,3.047776,-21.428413
79387,Saskia Esken,SPD,-6.0468583,-24.812881
120429,Oliver Luksic,FDP,-0.49215686,-0.7128046
78888,Thomas Lutze,SPD,-2.2304142,0.5057019
141210,Ates Gürpinar,Die Linke.,-2.7963915,1.7642177
146166,Susanne Ferschl,Die Linke.,-3.3704226,1.554649
79385,Klaus Ernst,BSW,-2.5227365,2.2624147
79353,Nicole Gohlke,Die Linke.,-3.3028202,1.7602605
175610,Leon Eckert,BÜNDNIS 90/­DIE GRÜNEN,2.7732995,-19.05107
146013,Tina Winklmann,BÜNDNIS 90/­DIE GRÜNEN,-1.0285721,-2.4336748
175584,Johannes Wagner,BÜNDNIS 90/­DIE GRÜNEN,3.408267,-23.017668
158733,Marlene Schönberger,BÜNDNIS 90/­DIE GRÜNEN,-5.582715,-9.849761
146020,Niklas Wagener,BÜNDNIS 90/­DIE GRÜNEN,-4.862845,-22.4807
133673,Tessa Ganserer,BÜNDNIS 90/­DIE GRÜNEN,0.7276931,-2.3524706
120205,Karl Bär,BÜNDNIS 90/­DIE GRÜNEN,-2.7190611,-3.4834328
178140,Saskia Weishaupt,BÜNDNIS 90/­DIE GRÜNEN,-5.160204,-22.117264
121977,Stefan Schmidt,BÜNDNIS 90/­DIE GRÜNEN,-5.2181225,-22.171028
120254,Lisa Badum,BÜNDNIS 90/­DIE GRÜNEN,0.8171477,-4.768099
118494,Erhard Grundl,BÜNDNIS 90/­DIE GRÜNEN,-1.6764255,-2.0237458
79408,Ekin Deligöz,BÜNDNIS 90/­DIE GRÜNEN,4.033853,-21.70668
79294,Anton Hofreiter,BÜNDNIS 90/­DIE GRÜNEN,3.5877829,-23.41371
79041,Claudia Roth,BÜNDNIS 90/­DIE GRÜNEN,3.4313166,-23.21705
175781,Muhanad Al-Halak,FDP,-0.5460909,-0.75541276
134283,Thomas Hacker,FDP,-0.26175585,-0.7412266
175760,Kristine Lütke,FDP,-0.6010691,-0.7788907
146407,Maximilian Funke-Kaiser,FDP,-0.65216565,-0.62579477
146406,Andrew Ullmann,FDP,-0.39974445,-0.86093277
142152,Sandra Bubendorfer-Licht,FDP,-0.18849519,-0.79629785
142264,Ulrich Lechte,FDP,-0.95394975,-0.6366259
141981,Nicole Bauer,FDP,-0.350044,-0.5490012
119361,Stephan Thomae,FDP,-0.6283537,-0.7712227
146388,Lukas Köhler,FDP,-0.3388931,-0.7363357
134049,Karsten Klein,FDP,-0.51693743,-1.0236878
134052,Katja Hessel,FDP,-0.5599287,-0.6278668
141323,Daniel Föst,FDP,-0.46156725,-0.7718322
175922,Gerrit Huy,AfD,0.45294905,3.87244
145833,Peter Felser,AfD,0.33943683,2.821836
145808,Gerold Otten,AfD,0.2843938,3.443944
145830,Rainer Kraft,AfD,1.0314429,3.5382593
145806,Wolfgang Wiehle,AfD,0.48190123,2.7818298
145803,Johannes Huber,fraktionslos,1.0312668,2.7238927
145823,Martin Sichert,AfD,-0.47760588,2.9310048
121997,Stephan Protschka,AfD,0.36390558,2.754748
145817,Peter Boehringer,AfD,0.28506804,2.8673327
175439,Jan Plobner,SPD,-5.6566243,-24.077759
175410,Carolin Wagner,SPD,-3.701694,-8.982227
146852,Markus Hümpfer,SPD,-5.682966,-24.336838
175409,Carmen Wegge,SPD,-4.2299156,-9.862963
146847,Jörg Nürnberger,SPD,4.21765,-27.800724
78991,Martina Stamm-Fibich,SPD,-5.4443936,-22.708565
175522,Johannes Schätzl,SPD,4.4772553,-24.899834
78883,Ulrike Bahr,SPD,-2.7865417,-2.914475
146838,Andreas Mehltretter,SPD,-5.709032,-23.855942
79411,Sabine Dittmar,SPD,0.18354277,-23.200762
121738,Michael Schrodi,SPD,-4.954846,-23.869852
79026,Marianne Schieder,SPD,-3.4112022,-21.445963
78970,Claudia Tausend,SPD,-5.382721,-23.700056
141311,Christoph Schmid,SPD,-5.4516277,-23.217821
79320,Gabriela Heinrich,SPD,-5.20702,-24.52069
79051,Bernd Rützel,SPD,3.9018521,-25.770933
79331,Rita Hagl-Kehl,SPD,-5.5337033,-24.708021
146839,Sebastian Roloff,SPD,-5.365603,-24.137398
79223,Anette Kramme,SPD,-6.078859,-27.696123
78821,Carsten Träger,SPD,-5.860362,-23.369724
79234,Bärbel Kofler,SPD,-5.538811,-24.106625
78816,Alexander Ulrich,BSW,-2.9802582,2.3530579
146003,Misbah Khan,BÜNDNIS 90/­DIE GRÜNEN,-5.629506,-22.400211
175537,Armin Grau,BÜNDNIS 90/­DIE GRÜNEN,3.7539642,-23.2973
79046,Corinna Rüffer,BÜNDNIS 90/­DIE GRÜNEN,-1.0664546,-2.2034943
79193,Tobias Lindner,BÜNDNIS 90/­DIE GRÜNEN,2.569073,-18.78027
79040,Tabea Rößner,BÜNDNIS 90/­DIE GRÜNEN,-1.0613315,-1.7318761
120284,Manuel Höferlin,FDP,-0.28508407,-0.83349204
110218,Sandra Weeser,FDP,-0.39911875,-0.6029599
146383,Mario Brandenburg,FDP,-0.35067266,-0.7123909
146378,Carina Konrad,FDP,-0.46041018,-0.74654275
110052,Volker Wissing,fraktionslos,0.8229409,-4.512801
175904,Bernd Schattner,AfD,-0.36918953,3.3161483
145789,Andreas Bleck,AfD,0.22893669,3.7027824
145791,Nicole Höchst,AfD,0.3083766,4.2310004
145795,Sebastian Münzenmaier,AfD,0.49686378,3.007141
175459,Lena Werner,SPD,-5.0138845,-22.210194
146833,Martin Diedenhofen,SPD,-5.3499703,-24.23321
146837,Isabel Mackensen-Geis,SPD,-5.559199,-25.00878
175502,Thorsten Rudolph,SPD,4.126078,-26.576822
79366,Thomas Gebhart,CDU/CSU,15.303091,-2.8246105
110066,Julia Klöckner,CDU/CSU,20.02955,-3.2696629
146375,Gerald Ullrich,FDP,-0.5069419,-0.35533795
175506,Tina Rudolph,SPD,-3.9646068,-8.460109
146830,Elisabeth Kaiser,SPD,-5.5310636,-24.136572
78892,Martina Renner,Die Linke.,-3.1022432,1.4077814
79198,Ralph Lenkert,Die Linke.,-3.2588556,1.6726869
31605,Susanne Hennig-Wellsow,Die Linke.,-3.6515713,1.6950719
78957,Antje Tillmann,CDU/CSU,3.0732675,-0.3628561
78865,Christian Hirte,CDU/CSU,15.656576,-2.799715
175538,Awet Tesfaiesus,BÜNDNIS 90/­DIE GRÜNEN,-0.69981265,-12.469135
175555,Deborah Düring,BÜNDNIS 90/­DIE GRÜNEN,-2.3867233,-3.515302
159644,Philip Krämer,BÜNDNIS 90/­DIE GRÜNEN,-5.349373,-21.987219
118131,Anna Lührmann,BÜNDNIS 90/­DIE GRÜNEN,-5.2430224,-22.176317
79479,Wolfgang Strengmann-Kuhn,BÜNDNIS 90/­DIE GRÜNEN,-2.399177,-4.934876
79004,Kordula Schulz-Asche,BÜNDNIS 90/­DIE GRÜNEN,-0.4213472,-14.630922
135209,Bettina Hoffmann,BÜNDNIS 90/­DIE GRÜNEN,-5.4293966,-22.925575
135407,Peter Heidt,FDP,-0.550376,-0.6079596
175755,Katja Adler,FDP,0.21122435,-0.68694186
135322,Jürgen Lenders,FDP,-0.7042388,-0.8579825
119621,Alexander Müller,FDP,-0.50138175,-0.6186082
122050,Till Mansmann,FDP,-0.22716455,-0.87989086
29256,Thorsten Lieb,FDP,-0.5801798,-0.859978
119708,Bettina Stark-Watzinger,FDP,-0.22042185,-1.0252455
145767,Albrecht Glaser,AfD,-0.1027743,2.9416945
145764,Jan Ralf Nolte,AfD,0.22334062,2.8802872
145770,Uwe Schulz,AfD,0.56069857,3.4500537
150292,Joana Cotar,fraktionslos,-0.14831123,2.7761188
145771,Mariana Harder-Kühnel,AfD,0.27948734,2.5889783
79312,Stefan Heck,CDU/CSU,15.139284,-2.6383588
78851,Katja Leikert,CDU/CSU,10.230031,-1.6097169
79150,Patricia Lips,CDU/CSU,6.316586,-0.6788438
79432,Helge Braun,CDU/CSU,8.465242,-1.0903366
175627,Merle Spellerberg,BÜNDNIS 90/­DIE GRÜNEN,-5.5209646,-22.30841
175541,Bernhard Herrmann,BÜNDNIS 90/­DIE GRÜNEN,3.6364412,-22.4325
31707,Paula Piechotta,BÜNDNIS 90/­DIE GRÜNEN,-5.19797,-22.69943
30864,Nico Tippelt,FDP,0.21884736,-0.71952003
175820,Ulrike Harzer,FDP,-0.43058914,-0.63817954
146359,Philipp Hartewig,FDP,-0.4858723,-0.7290412
146360,Frank Müller-Rosentritt,FDP,-0.05344203,-0.7310898
31751,Torsten Herbst,FDP,-0.41061506,-0.6991598
175518,Fabian Funke,SPD,-2.0929875,-7.106553
175478,Nadja Sthamer,SPD,-3.3942726,-5.1910195
175408,Carlos Kasper,SPD,-2.070577,-6.181022
175484,Rasha Nasr,SPD,-1.9217088,-6.6817985
168396,Kathrin Michel,SPD,4.1718426,-28.82733
30917,Holger Mann,SPD,-2.1238382,-6.5293684
79328,André Hahn,Die Linke.,-3.4425716,1.5845747
79205,Caren Lay,Die Linke.,-3.3403893,1.5502197
79238,Carsten Körber,CDU/CSU,15.208155,-2.629323
170325,Christiane Schenderlein,CDU/CSU,14.973587,-2.606041
78932,Marco Wanderwitz,CDU/CSU,3.3347223,0.44135764
150288,Götz Frömming,AfD,0.6072399,3.6615605
141110,Gottfried Curio,AfD,0.48592338,3.7937477
29202,Beatrix von Storch,AfD,0.54881793,3.1140325
175526,Andreas Audretsch,BÜNDNIS 90/­DIE GRÜNEN,-5.3668194,-22.42546
79147,Jan-Marco Luczak,CDU/CSU,7.3338656,-0.6185793
79199,Steffi Lemke,BÜNDNIS 90/­DIE GRÜNEN,-5.134287,-20.121792
175737,Ingo Bodtke,FDP,0.16817772,-0.76252663
121638,Marcus Faber,FDP,-0.456513,-0.75934535
124218,Katrin Budde,SPD,-4.715738,-22.048105
78824,Petra Sitte,Die Linke.,-3.2486382,1.8211126
78854,Jan Korte,Die Linke.,-3.5625517,1.5957124
152755,Jan Wenzel Schmidt,AfD,-0.4507717,2.8707066
150298,Martin Reichardt,AfD,0.39712465,2.8057313
78992,Tino Sorge,CDU/CSU,14.395669,-2.1921237
175629,Michael Kellner,BÜNDNIS 90/­DIE GRÜNEN,-1.4895463,-3.1049697
79475,Annalena Baerbock,BÜNDNIS 90/­DIE GRÜNEN,3.7971225,-20.700968
177310,Friedhelm Boginski,FDP,-0.43435863,-0.692362
132971,Linda Teuteberg,FDP,0.45130008,-0.7362476
132869,Christian Görke,Die Linke.,-3.4164412,1.5011045
150291,Norbert Kleinwächter,AfD,0.09769213,2.9634933
31221,Steffen Kotré,AfD,0.17125772,2.83188
145723,René Springer,AfD,-0.17185716,2.8339424
31216,Alexander Gauland,AfD,-0.54450506,2.7401261
29084,Knut Abraham,CDU/CSU,5.9318876,0.09911318
79029,Jana Schimke,CDU/CSU,4.022735,0.3367915
79391,Uwe Feiler,CDU/CSU,20.760489,-3.2579293
79233,Jens Koeppen,CDU/CSU,1.5834802,1.4911302
73691,Volker Redder,FDP,0.8645674,-1.3448635
73426,Kirsten Kappert-Gonther,BÜNDNIS 90/­DIE GRÜNEN,3.5671148,-22.539085
73300,Thomas Röwekamp,CDU/CSU,9.730066,-1.4325339
149570,Heidi Reichinnek,Die Linke.,-3.2646751,1.6074836
136366,Victor Perli,Die Linke.,-2.9036717,1.5734237
146055,Amira Mohamed Ali,BSW,-2.6637747,2.23489
149539,Susanne Menge,BÜNDNIS 90/­DIE GRÜNEN,-0.61366063,-3.0428183
175587,Julian Pahlke,BÜNDNIS 90/­DIE GRÜNEN,-1.8844357,-4.118745
145921,Swantje Michaelsen,BÜNDNIS 90/­DIE GRÜNEN,0.31575438,-3.5121622
136302,Stefan Wenzel,BÜNDNIS 90/­DIE GRÜNEN,3.4484403,-22.125193
175593,Karoline Otte,BÜNDNIS 90/­DIE GRÜNEN,-1.4110765,-3.3251064
136080,Helge Limburg,BÜNDNIS 90/­DIE GRÜNEN,-1.1040179,-2.5964386
79247,Katja Keul,BÜNDNIS 90/­DIE GRÜNEN,-5.335271,-22.818052
175563,Frank Bsirske,BÜNDNIS 90/­DIE GRÜNEN,-1.0658767,-2.1298366
78944,Julia Verlinden,BÜNDNIS 90/­DIE GRÜNEN,-1.5623183,-3.6017056
145913,Christina-Johanne Schröder,BÜNDNIS 90/­DIE GRÜNEN,-5.45035,-21.634169
78856,Sven-Christian Kindler,BÜNDNIS 90/­DIE GRÜNEN,0.75086606,-4.392981
136013,Filiz Polat,BÜNDNIS 90/­DIE GRÜNEN,-0.7318222,-6.516029
175915,Dirk Brandes,AfD,0.05121199,3.6780152
121468,Jörn König,AfD,0.27549887,2.782085
145711,Dietmar Friedhoff,AfD,0.23452581,2.4388819
122027,Thomas Ehrhorn,AfD,0.24141444,3.217109
175920,Frank Rinck,AfD,-0.04187226,2.949368
175931,Joachim Wundrak,AfD,0.9400722,2.4452088
175693,Anikó Glogowski-Merten,FDP,-0.7113859,-1.2723645
120356,Matthias Seestern-Pauly,FDP,0.28742442,-0.7391699
135980,Gero Hocker,FDP,-0.05233807,-0.72348595
175758,Knut Gerschau,FDP,0.0710692,-0.56825876
29297,Konstantin Kuhle,FDP,-0.7090068,-0.96746016
146300,Anja Schulz,FDP,-0.4362291,-0.780801
136537,Jens Beeck,FDP,0.26920816,-0.6661237
135929,Christian Dürr,FDP,-0.23672314,-0.9001654
175480,Peggy Schierenbeck,SPD,3.986897,-24.333445
175397,Anke Hennig,SPD,-5.3945765,-23.998444
175394,Anja Troff-Schaffarzyk,SPD,3.9324026,-26.605698
79476,Stephan Albani,CDU/CSU,15.22194,-2.5678213
79335,Fritz Güntzler,CDU/CSU,14.746492,-2.8335404
149653,Mareike Lotte Wulf,CDU/CSU,14.763521,-2.5615253
79116,Carsten Müller,CDU/CSU,19.99117,-3.382246
29490,Tilman Kuban,CDU/CSU,15.315266,-2.6584456
175830,Anne Janssen,CDU/CSU,14.983816,-2.5502067
79393,Enak Ferlemann,CDU/CSU,15.164168,-2.704323
79132,Mathias Middelberg,CDU/CSU,9.983382,-1.5482261
119082,Michael Grosse-Brömer,CDU/CSU,14.6491165,-2.4603028
79293,Hendrik Hoppenstedt,CDU/CSU,14.446456,-2.4701653
130124,Christian Leye,BSW,-2.9941695,2.3517926
78948,Kathrin Vogler,Die Linke.,-3.0378683,1.5109423
79281,Andrej Hunko,BSW,-2.7535987,2.1129649
79420,Sevim Dağdelen,BSW,-1.8770177,2.0855422
78934,Sahra Wagenknecht,BSW,-2.8636913,2.3806474
175527,Anja Liebert,BÜNDNIS 90/­DIE GRÜNEN,-5.179989,-22.54509
130480,Lukas Benner,BÜNDNIS 90/­DIE GRÜNEN,-5.1466455,-21.659397
175642,Sabine Grützmacher,BÜNDNIS 90/­DIE GRÜNEN,-0.55889845,-4.2087216
119861,Janosch Dahmen,BÜNDNIS 90/­DIE GRÜNEN,3.5988882,-22.964527
175606,Laura Kraft,BÜNDNIS 90/­DIE GRÜNEN,2.412832,-17.6646
78852,Markus Kurth,BÜNDNIS 90/­DIE GRÜNEN,3.7046294,-23.836105
175532,Anne-Monika Spallek,BÜNDNIS 90/­DIE GRÜNEN,-5.4598026,-22.43375
175598,Kathrin Henneberger,BÜNDNIS 90/­DIE GRÜNEN,-2.024575,-2.4405994
175645,Schahina Gambir,BÜNDNIS 90/­DIE GRÜNEN,-4.6862755,-20.700775
121603,Maik Außendorf,BÜNDNIS 90/­DIE GRÜNEN,-5.2810946,-22.610222
175643,Sara Nanni,BÜNDNIS 90/­DIE GRÜNEN,2.2356117,-18.479048
79358,Kai Gehring,BÜNDNIS 90/­DIE GRÜNEN,-5.125813,-21.934381
175624,Max Lucks,BÜNDNIS 90/­DIE GRÜNEN,0.6260158,-3.2915447
121794,Ophelia Nick,BÜNDNIS 90/­DIE GRÜNEN,-5.3853602,-23.099558
175603,Lamya Kaddor,BÜNDNIS 90/­DIE GRÜNEN,3.7674847,-22.531218
164992,Nyke Slawik,BÜNDNIS 90/­DIE GRÜNEN,0.9022784,-4.6797404
145969,Robin Wagener,BÜNDNIS 90/­DIE GRÜNEN,-5.240944,-21.9792
79021,Ulle Schauws,BÜNDNIS 90/­DIE GRÜNEN,-3.0798259,-20.816227
147328,Jan-Niclas Gesenhues,BÜNDNIS 90/­DIE GRÜNEN,-5.538791,-22.621109
145959,Felix Banaszak,BÜNDNIS 90/­DIE GRÜNEN,-5.1122656,-21.19826
79403,Katharina Dröge,BÜNDNIS 90/­DIE GRÜNEN,-5.151399,-22.038181
79129,Irene Mihalic,BÜNDNIS 90/­DIE GRÜNEN,-5.1557884,-22.713545
79325,Britta Haßelmann,BÜNDNIS 90/­DIE GRÜNEN,-5.21588,-22.567331
147331,Stefan Keuter,AfD,0.106434494,2.9143689
147226,Jochen Haug,AfD,0.24356155,2.7499912
175918,Eugen Schmidt,AfD,0.1105792,2.8799944
150294,Harald Weyel,AfD,0.6693967,3.673137
130094,Roger Beckamp,AfD,-0.3686251,2.9430192
145751,Matthias Helferich,fraktionslos,-0.25684673,3.1362658
78920,Sabine Weiss,CDU/CSU,14.1034155,-2.0937588
130072,Armin Laschet,CDU/CSU,15.046201,-2.7090971
146289,Ria Schröder,FDP,-0.56525564,-1.0940437
66705,Michael Kruse,FDP,-0.55401385,-0.63444
